{
    "servicecom":[
        {
            "id":1,
            "img":"Foto/computer.jpeg",
            "title":"Install Ulang",
            "detail":"Rp. 100.00 <br> Exerci tation ullamcorper suscipit lobortis nisl utaliquip ex ea commodo consequat."
        },
        {
            "id":2,
            "img":"Foto/post-02.jpg",
            "title":"Ganti Motherboard",
            "detail":"Rp. 200.00 <br> Exerci tation ullamcorper suscipit lobortis nisl utaliquip ex ea commodo consequat."
        },
        {
            "id":3,
            "img":"Foto/ram.jpg",
            "title":"Ganti RAM",
            "detail":"Rp. 200.00 <br> Exerci tation ullamcorper suscipit lobortis nisl utaliquip ex ea commodo consequat."
        },
        {
            "id":4,
            "img":"Foto/bios.png",
            "title":"Flash BIOS",
            "detail":"Rp. 250.00 <br> Exerci tation ullamcorper suscipit lobortis nisl utaliquip ex ea commodo consequat."
        },
        {
            "id":5,
            "img":"Foto/computer.jpeg",
            "title":"Install Ulang",
            "detail":"Rp. 100.00 <br> Exerci tation ullamcorper suscipit lobortis nisl utaliquip ex ea commodo consequat."
        },
        {
            "id":6,
            "img":"Foto/computer.jpeg",
            "title":"Install Ulang",
            "detail":"Rp. 100.00 <br> Exerci tation ullamcorper suscipit lobortis nisl utaliquip ex ea commodo consequat."
        },
        {
            "id":7,
            "img":"Foto/computer.jpeg",
            "title":"Install Ulang",
            "detail":"Rp. 100.00 <br> Exerci tation ullamcorper suscipit lobortis nisl utaliquip ex ea commodo consequat."
        },
        {
            "id":8,
            "img":"Foto/computer.jpeg",
            "title":"Install Ulang",
            "detail":"Rp. 100.00 <br> Exerci tation ullamcorper suscipit lobortis nisl utaliquip ex ea commodo consequat."
        },
        {
            "id":9,
            "img":"Foto/computer.jpeg",
            "title":"Install Ulang",
            "detail":"Rp. 100.00 <br> Exerci tation ullamcorper suscipit lobortis nisl utaliquip ex ea commodo consequat."
        }
    ],
    "servicesmart":[
        {
            "idSmart":1,
            "image":"Foto/bateraihp.jpg",
            "name":"Baterai Bermasalah",
            "desc":"Rp. 150.00 <br> Exerci tation ullamcorper suscipit lobortis nisl utaliquip ex ea commodo consequat."
        },
        {
            "idSmart":2,
            "image":"Foto/boot.jpg",
            "name":"Hp Bootloop",
            "desc":"Rp. 100.00 <br> Exerci tation ullamcorper suscipit lobortis nisl utaliquip ex ea commodo consequat."
        },
        {
            "idSmart":3,
            "image":"Foto/mati.jpg",
            "name":"HP Mati Total",
            "desc":"Rp. 300.00 <br> Exerci tation ullamcorper suscipit lobortis nisl utaliquip ex ea commodo consequat."
        },
        {
            "idSmart":4,
            "image":"Foto/bios.png",
            "name":"Flash BIOS",
            "desc":"Rp. 250.00 <br> Exerci tation ullamcorper suscipit lobortis nisl utaliquip ex ea commodo consequat."
        },
        {
            "idSmart":5,
            "image":"Foto/backup.jpg",
            "name":"Backup Data",
            "desc":"Rp. 50.00 <br> Exerci tation ullamcorper suscipit lobortis nisl utaliquip ex ea commodo consequat."
        },
        {
            "idSmart":6,
            "image":"Foto/ic-power.jpg",
            "name":"IC Power Rusak",
            "desc":"Rp. 150.00 <br> Exerci tation ullamcorper suscipit lobortis nisl utaliquip ex ea commodo consequat."
        },
        {
            "idSmart":7,
            "image":"Foto/sinyal.jpeg",
            "name":"IC Sinyal Rusak",
            "desc":"Rp. 150.00 <br> Exerci tation ullamcorper suscipit lobortis nisl utaliquip ex ea commodo consequat."
        },
        {
            "idSmart":8,
            "image":"Foto/flask.jpg",
            "name":"Flask Ulang HP",
            "desc":"Rp. 150.00 <br> Exerci tation ullamcorper suscipit lobortis nisl utaliquip ex ea commodo consequat."
        },
        {
            "idSmart":9,
            "image":"Foto/power.jpg",
            "name":"Ganti Tombol Power",
            "desc":"Rp. 170.00 <br> Exerci tation ullamcorper suscipit lobortis nisl utaliquip ex ea commodo consequat."
        },
        {
            "idSmart":10,
            "image":"Foto/mati.jpg",
            "name":"HP Mati Total",
            "desc":"Rp. 250.00 <br> Exerci tation ullamcorper suscipit lobortis nisl utaliquip ex ea commodo consequat."
        }
    ],
    "detailcom":[
        {
            "id":1,
            "photos":"Foto/computer.jpeg",
            "title":"Install Ulang",
            "detail":"Rp. 100.00 <br> Lorem Ipsum is simply dummy text of the printing and typesetting industry. Lorem Ipsum has been the industry's standard dummy text ever since the 1500s, when an unknown printer took a galley of type and scrambled it to make a type specimen book. It has survived not only five centuries, but also the leap into electronic typesetting, remaining essentially unchanged. It was popularised in the 1960s with the release of Letraset sheets containing Lorem Ipsum passages, and more recently with desktop publishing software like Aldus PageMaker including versions of Lorem Ipsum.",
            "detail2":"Lorem Ipsum is simply dummy text of the printing and typesetting industry. Lorem Ipsum has been the industry's standard dummy text ever since the 1500s, when an unknown printer took a galley of type and scrambled it to make a type specimen book. It has survived not only five centuries, but also the leap into electronic typesetting, remaining essentially unchanged. It was popularised in the 1960s with the release of Letraset sheets containing Lorem Ipsum passages, and more recently with desktop publishing software like Aldus PageMaker including versions of Lorem Ipsum."
        },
        {
            "id":2,
            "photos":"Foto/post-02.jpg",
            "title":"Ganti Motherboard",
            "detail":"Rp. 200.00 <br> Lorem Ipsum is simply dummy text of the printing and typesetting industry. Lorem Ipsum has been the industry's standard dummy text ever since the 1500s, when an unknown printer took a galley of type and scrambled it to make a type specimen book. It has survived not only five centuries, but also the leap into electronic typesetting, remaining essentially unchanged. It was popularised in the 1960s with the release of Letraset sheets containing Lorem Ipsum passages, and more recently with desktop publishing software like Aldus PageMaker including versions of Lorem Ipsum.",
            "detail2":"Lorem Ipsum is simply dummy text of the printing and typesetting industry. Lorem Ipsum has been the industry's standard dummy text ever since the 1500s, when an unknown printer took a galley of type and scrambled it to make a type specimen book. It has survived not only five centuries, but also the leap into electronic typesetting, remaining essentially unchanged. It was popularised in the 1960s with the release of Letraset sheets containing Lorem Ipsum passages, and more recently with desktop publishing software like Aldus PageMaker including versions of Lorem Ipsum."
        },
        {
            "id":3,
            "photos":"Foto/ram.jpg",
            "title":"Ganti RAM",
            "detail":"Rp. 200.00 <br> Lorem Ipsum is simply dummy text of the printing and typesetting industry. Lorem Ipsum has been the industry's standard dummy text ever since the 1500s, when an unknown printer took a galley of type and scrambled it to make a type specimen book. It has survived not only five centuries, but also the leap into electronic typesetting, remaining essentially unchanged. It was popularised in the 1960s with the release of Letraset sheets containing Lorem Ipsum passages, and more recently with desktop publishing software like Aldus PageMaker including versions of Lorem Ipsum.",
            "detail2":"Lorem Ipsum is simply dummy text of the printing and typesetting industry. Lorem Ipsum has been the industry's standard dummy text ever since the 1500s, when an unknown printer took a galley of type and scrambled it to make a type specimen book. It has survived not only five centuries, but also the leap into electronic typesetting, remaining essentially unchanged. It was popularised in the 1960s with the release of Letraset sheets containing Lorem Ipsum passages, and more recently with desktop publishing software like Aldus PageMaker including versions of Lorem Ipsum."
        },
        {
            "id":4,
            "photos":"Foto/bios.png",
            "title":"Flash BIOS",
            "detail":"Rp. 250.00 <br> Lorem Ipsum is simply dummy text of the printing and typesetting industry. Lorem Ipsum has been the industry's standard dummy text ever since the 1500s, when an unknown printer took a galley of type and scrambled it to make a type specimen book. It has survived not only five centuries, but also the leap into electronic typesetting, remaining essentially unchanged. It was popularised in the 1960s with the release of Letraset sheets containing Lorem Ipsum passages, and more recently with desktop publishing software like Aldus PageMaker including versions of Lorem Ipsum.",
            "detail2":"Lorem Ipsum is simply dummy text of the printing and typesetting industry. Lorem Ipsum has been the industry's standard dummy text ever since the 1500s, when an unknown printer took a galley of type and scrambled it to make a type specimen book. It has survived not only five centuries, but also the leap into electronic typesetting, remaining essentially unchanged. It was popularised in the 1960s with the release of Letraset sheets containing Lorem Ipsum passages, and more recently with desktop publishing software like Aldus PageMaker including versions of Lorem Ipsum."
        },
        {
            "id":5,
            "photos":"Foto/computer.jpeg",
            "title":"Install Ulang",
            "detail":"Rp. 100.00 <br> Lorem Ipsum is simply dummy text of the printing and typesetting industry. Lorem Ipsum has been the industry's standard dummy text ever since the 1500s, when an unknown printer took a galley of type and scrambled it to make a type specimen book. It has survived not only five centuries, but also the leap into electronic typesetting, remaining essentially unchanged. It was popularised in the 1960s with the release of Letraset sheets containing Lorem Ipsum passages, and more recently with desktop publishing software like Aldus PageMaker including versions of Lorem Ipsum.",
            "detail2":"Lorem Ipsum is simply dummy text of the printing and typesetting industry. Lorem Ipsum has been the industry's standard dummy text ever since the 1500s, when an unknown printer took a galley of type and scrambled it to make a type specimen book. It has survived not only five centuries, but also the leap into electronic typesetting, remaining essentially unchanged. It was popularised in the 1960s with the release of Letraset sheets containing Lorem Ipsum passages, and more recently with desktop publishing software like Aldus PageMaker including versions of Lorem Ipsum."
        },
        {
            "id":6,
            "photos":"Foto/computer.jpeg",
            "title":"Install Ulang",
            "detail":"Rp. 100.00 <br> Lorem Ipsum is simply dummy text of the printing and typesetting industry. Lorem Ipsum has been the industry's standard dummy text ever since the 1500s, when an unknown printer took a galley of type and scrambled it to make a type specimen book. It has survived not only five centuries, but also the leap into electronic typesetting, remaining essentially unchanged. It was popularised in the 1960s with the release of Letraset sheets containing Lorem Ipsum passages, and more recently with desktop publishing software like Aldus PageMaker including versions of Lorem Ipsum.",
            "detail2":"Lorem Ipsum is simply dummy text of the printing and typesetting industry. Lorem Ipsum has been the industry's standard dummy text ever since the 1500s, when an unknown printer took a galley of type and scrambled it to make a type specimen book. It has survived not only five centuries, but also the leap into electronic typesetting, remaining essentially unchanged. It was popularised in the 1960s with the release of Letraset sheets containing Lorem Ipsum passages, and more recently with desktop publishing software like Aldus PageMaker including versions of Lorem Ipsum."
        },
        {
            "id":7,
            "photos":"Foto/computer.jpeg",
            "title":"Install Ulang",
            "detail":"Rp. 100.00 <br> Lorem Ipsum is simply dummy text of the printing and typesetting industry. Lorem Ipsum has been the industry's standard dummy text ever since the 1500s, when an unknown printer took a galley of type and scrambled it to make a type specimen book. It has survived not only five centuries, but also the leap into electronic typesetting, remaining essentially unchanged. It was popularised in the 1960s with the release of Letraset sheets containing Lorem Ipsum passages, and more recently with desktop publishing software like Aldus PageMaker including versions of Lorem Ipsum.",
            "detail2":"Lorem Ipsum is simply dummy text of the printing and typesetting industry. Lorem Ipsum has been the industry's standard dummy text ever since the 1500s, when an unknown printer took a galley of type and scrambled it to make a type specimen book. It has survived not only five centuries, but also the leap into electronic typesetting, remaining essentially unchanged. It was popularised in the 1960s with the release of Letraset sheets containing Lorem Ipsum passages, and more recently with desktop publishing software like Aldus PageMaker including versions of Lorem Ipsum."
        },
        {
            "id":8,
            "photos":"Foto/computer.jpeg",
            "title":"Install Ulang",
            "detail":"Rp. 100.00 <br> Lorem Ipsum is simply dummy text of the printing and typesetting industry. Lorem Ipsum has been the industry's standard dummy text ever since the 1500s, when an unknown printer took a galley of type and scrambled it to make a type specimen book. It has survived not only five centuries, but also the leap into electronic typesetting, remaining essentially unchanged. It was popularised in the 1960s with the release of Letraset sheets containing Lorem Ipsum passages, and more recently with desktop publishing software like Aldus PageMaker including versions of Lorem Ipsum.",
            "detail2":"Lorem Ipsum is simply dummy text of the printing and typesetting industry. Lorem Ipsum has been the industry's standard dummy text ever since the 1500s, when an unknown printer took a galley of type and scrambled it to make a type specimen book. It has survived not only five centuries, but also the leap into electronic typesetting, remaining essentially unchanged. It was popularised in the 1960s with the release of Letraset sheets containing Lorem Ipsum passages, and more recently with desktop publishing software like Aldus PageMaker including versions of Lorem Ipsum."
        },
        {
            "id":9,
            "photos":"Foto/computer.jpeg",
            "title":"Install Ulang",
            "detail":"Rp. 100.00 <br> Lorem Ipsum is simply dummy text of the printing and typesetting industry. Lorem Ipsum has been the industry's standard dummy text ever since the 1500s, when an unknown printer took a galley of type and scrambled it to make a type specimen book. It has survived not only five centuries, but also the leap into electronic typesetting, remaining essentially unchanged. It was popularised in the 1960s with the release of Letraset sheets containing Lorem Ipsum passages, and more recently with desktop publishing software like Aldus PageMaker including versions of Lorem Ipsum.",
            "detail2":"Lorem Ipsum is simply dummy text of the printing and typesetting industry. Lorem Ipsum has been the industry's standard dummy text ever since the 1500s, when an unknown printer took a galley of type and scrambled it to make a type specimen book. It has survived not only five centuries, but also the leap into electronic typesetting, remaining essentially unchanged. It was popularised in the 1960s with the release of Letraset sheets containing Lorem Ipsum passages, and more recently with desktop publishing software like Aldus PageMaker including versions of Lorem Ipsum."
        }
    ],
    "detailsmart":[
        {
            "id":1,
            "image":"Foto/bateraihp.jpg",
            "name":"Baterai Bermasalah",
            "desc":"Rp. 150.00 <br> Lorem Ipsum is simply dummy text of the printing and typesetting industry. Lorem Ipsum has been the industry's standard dummy text ever since the 1500s, when an unknown printer took a galley of type and scrambled it to make a type specimen book. It has survived not only five centuries, but also the leap into electronic typesetting, remaining essentially unchanged. It was popularised in the 1960s with the release of Letraset sheets containing Lorem Ipsum passages, and more recently with desktop publishing software like Aldus PageMaker including versions of Lorem Ipsum.",
            "desc2":"Lorem Ipsum is simply dummy text of the printing and typesetting industry. Lorem Ipsum has been the industry's standard dummy text ever since the 1500s, when an unknown printer took a galley of type and scrambled it to make a type specimen book. It has survived not only five centuries, but also the leap into electronic typesetting, remaining essentially unchanged. It was popularised in the 1960s with the release of Letraset sheets containing Lorem Ipsum passages, and more recently with desktop publishing software like Aldus PageMaker including versions of Lorem Ipsum."
        },
        {
            "id":2,
            "image":"Foto/boot.jpg",
            "name":"Hp Bootloop",
            "desc":"Rp. 100.00 <br> Lorem Ipsum is simply dummy text of the printing and typesetting industry. Lorem Ipsum has been the industry's standard dummy text ever since the 1500s, when an unknown printer took a galley of type and scrambled it to make a type specimen book. It has survived not only five centuries, but also the leap into electronic typesetting, remaining essentially unchanged. It was popularised in the 1960s with the release of Letraset sheets containing Lorem Ipsum passages, and more recently with desktop publishing software like Aldus PageMaker including versions of Lorem Ipsum.",
            "desc2":"Lorem Ipsum is simply dummy text of the printing and typesetting industry. Lorem Ipsum has been the industry's standard dummy text ever since the 1500s, when an unknown printer took a galley of type and scrambled it to make a type specimen book. It has survived not only five centuries, but also the leap into electronic typesetting, remaining essentially unchanged. It was popularised in the 1960s with the release of Letraset sheets containing Lorem Ipsum passages, and more recently with desktop publishing software like Aldus PageMaker including versions of Lorem Ipsum."
        },
        {
            "id":3,
            "image":"Foto/mati.jpg",
            "name":"HP Mati Total",
            "desc":"Rp. 300.00 <br> Lorem Ipsum is simply dummy text of the printing and typesetting industry. Lorem Ipsum has been the industry's standard dummy text ever since the 1500s, when an unknown printer took a galley of type and scrambled it to make a type specimen book. It has survived not only five centuries, but also the leap into electronic typesetting, remaining essentially unchanged. It was popularised in the 1960s with the release of Letraset sheets containing Lorem Ipsum passages, and more recently with desktop publishing software like Aldus PageMaker including versions of Lorem Ipsum.",
            "desc2":"Lorem Ipsum is simply dummy text of the printing and typesetting industry. Lorem Ipsum has been the industry's standard dummy text ever since the 1500s, when an unknown printer took a galley of type and scrambled it to make a type specimen book. It has survived not only five centuries, but also the leap into electronic typesetting, remaining essentially unchanged. It was popularised in the 1960s with the release of Letraset sheets containing Lorem Ipsum passages, and more recently with desktop publishing software like Aldus PageMaker including versions of Lorem Ipsum."
        },
        {
            "id":4,
            "image":"Foto/bios.png",
            "name":"Flash BIOS",
            "desc":"Rp. 250.00 <br> Lorem Ipsum is simply dummy text of the printing and typesetting industry. Lorem Ipsum has been the industry's standard dummy text ever since the 1500s, when an unknown printer took a galley of type and scrambled it to make a type specimen book. It has survived not only five centuries, but also the leap into electronic typesetting, remaining essentially unchanged. It was popularised in the 1960s with the release of Letraset sheets containing Lorem Ipsum passages, and more recently with desktop publishing software like Aldus PageMaker including versions of Lorem Ipsum.",
            "desc2":"Lorem Ipsum is simply dummy text of the printing and typesetting industry. Lorem Ipsum has been the industry's standard dummy text ever since the 1500s, when an unknown printer took a galley of type and scrambled it to make a type specimen book. It has survived not only five centuries, but also the leap into electronic typesetting, remaining essentially unchanged. It was popularised in the 1960s with the release of Letraset sheets containing Lorem Ipsum passages, and more recently with desktop publishing software like Aldus PageMaker including versions of Lorem Ipsum."
        },
        {
            "id":5,
            "image":"Foto/backup.jpg",
            "name":"Backup Data",
            "desc":"Rp. 50.00 <br> Lorem Ipsum is simply dummy text of the printing and typesetting industry. Lorem Ipsum has been the industry's standard dummy text ever since the 1500s, when an unknown printer took a galley of type and scrambled it to make a type specimen book. It has survived not only five centuries, but also the leap into electronic typesetting, remaining essentially unchanged. It was popularised in the 1960s with the release of Letraset sheets containing Lorem Ipsum passages, and more recently with desktop publishing software like Aldus PageMaker including versions of Lorem Ipsum.",
            "desc2":"Lorem Ipsum is simply dummy text of the printing and typesetting industry. Lorem Ipsum has been the industry's standard dummy text ever since the 1500s, when an unknown printer took a galley of type and scrambled it to make a type specimen book. It has survived not only five centuries, but also the leap into electronic typesetting, remaining essentially unchanged. It was popularised in the 1960s with the release of Letraset sheets containing Lorem Ipsum passages, and more recently with desktop publishing software like Aldus PageMaker including versions of Lorem Ipsum."
        },
        {
            "id":6,
            "image":"Foto/ic-power.jpg",
            "name":"IC Power Rusak",
            "desc":"Rp. 150.00 <br> Lorem Ipsum is simply dummy text of the printing and typesetting industry. Lorem Ipsum has been the industry's standard dummy text ever since the 1500s, when an unknown printer took a galley of type and scrambled it to make a type specimen book. It has survived not only five centuries, but also the leap into electronic typesetting, remaining essentially unchanged. It was popularised in the 1960s with the release of Letraset sheets containing Lorem Ipsum passages, and more recently with desktop publishing software like Aldus PageMaker including versions of Lorem Ipsum.",
            "desc2":"Lorem Ipsum is simply dummy text of the printing and typesetting industry. Lorem Ipsum has been the industry's standard dummy text ever since the 1500s, when an unknown printer took a galley of type and scrambled it to make a type specimen book. It has survived not only five centuries, but also the leap into electronic typesetting, remaining essentially unchanged. It was popularised in the 1960s with the release of Letraset sheets containing Lorem Ipsum passages, and more recently with desktop publishing software like Aldus PageMaker including versions of Lorem Ipsum."
        },
        {
            "id":7,
            "image":"Foto/sinyal.jpeg",
            "name":"IC Sinyal Rusak",
            "desc":"Rp. 150.00 <br> Lorem Ipsum is simply dummy text of the printing and typesetting industry. Lorem Ipsum has been the industry's standard dummy text ever since the 1500s, when an unknown printer took a galley of type and scrambled it to make a type specimen book. It has survived not only five centuries, but also the leap into electronic typesetting, remaining essentially unchanged. It was popularised in the 1960s with the release of Letraset sheets containing Lorem Ipsum passages, and more recently with desktop publishing software like Aldus PageMaker including versions of Lorem Ipsum.",
            "desc2":"Lorem Ipsum is simply dummy text of the printing and typesetting industry. Lorem Ipsum has been the industry's standard dummy text ever since the 1500s, when an unknown printer took a galley of type and scrambled it to make a type specimen book. It has survived not only five centuries, but also the leap into electronic typesetting, remaining essentially unchanged. It was popularised in the 1960s with the release of Letraset sheets containing Lorem Ipsum passages, and more recently with desktop publishing software like Aldus PageMaker including versions of Lorem Ipsum."
        },
        {
            "id":8,
            "image":"Foto/flask.jpg",
            "name":"Flask Ulang HP",
            "desc":"Rp. 150.00 <br> Lorem Ipsum is simply dummy text of the printing and typesetting industry. Lorem Ipsum has been the industry's standard dummy text ever since the 1500s, when an unknown printer took a galley of type and scrambled it to make a type specimen book. It has survived not only five centuries, but also the leap into electronic typesetting, remaining essentially unchanged. It was popularised in the 1960s with the release of Letraset sheets containing Lorem Ipsum passages, and more recently with desktop publishing software like Aldus PageMaker including versions of Lorem Ipsum.",
            "desc2":"Lorem Ipsum is simply dummy text of the printing and typesetting industry. Lorem Ipsum has been the industry's standard dummy text ever since the 1500s, when an unknown printer took a galley of type and scrambled it to make a type specimen book. It has survived not only five centuries, but also the leap into electronic typesetting, remaining essentially unchanged. It was popularised in the 1960s with the release of Letraset sheets containing Lorem Ipsum passages, and more recently with desktop publishing software like Aldus PageMaker including versions of Lorem Ipsum."
        },
        {
            "id":9,
            "image":"Foto/power.jpg",
            "name":"Ganti Tombol Power",
            "desc":"Rp. 170.00 <br> Lorem Ipsum is simply dummy text of the printing and typesetting industry. Lorem Ipsum has been the industry's standard dummy text ever since the 1500s, when an unknown printer took a galley of type and scrambled it to make a type specimen book. It has survived not only five centuries, but also the leap into electronic typesetting, remaining essentially unchanged. It was popularised in the 1960s with the release of Letraset sheets containing Lorem Ipsum passages, and more recently with desktop publishing software like Aldus PageMaker including versions of Lorem Ipsum.",
            "desc2":"Lorem Ipsum is simply dummy text of the printing and typesetting industry. Lorem Ipsum has been the industry's standard dummy text ever since the 1500s, when an unknown printer took a galley of type and scrambled it to make a type specimen book. It has survived not only five centuries, but also the leap into electronic typesetting, remaining essentially unchanged. It was popularised in the 1960s with the release of Letraset sheets containing Lorem Ipsum passages, and more recently with desktop publishing software like Aldus PageMaker including versions of Lorem Ipsum."
        },
        {
            "id":10,
            "image":"Foto/mati.jpg",
            "name":"HP Mati Total",
            "desc":"Rp. 250.00 <br> Lorem Ipsum is simply dummy text of the printing and typesetting industry. Lorem Ipsum has been the industry's standard dummy text ever since the 1500s, when an unknown printer took a galley of type and scrambled it to make a type specimen book. It has survived not only five centuries, but also the leap into electronic typesetting, remaining essentially unchanged. It was popularised in the 1960s with the release of Letraset sheets containing Lorem Ipsum passages, and more recently with desktop publishing software like Aldus PageMaker including versions of Lorem Ipsum.",
            "desc2":"Lorem Ipsum is simply dummy text of the printing and typesetting industry. Lorem Ipsum has been the industry's standard dummy text ever since the 1500s, when an unknown printer took a galley of type and scrambled it to make a type specimen book. It has survived not only five centuries, but also the leap into electronic typesetting, remaining essentially unchanged. It was popularised in the 1960s with the release of Letraset sheets containing Lorem Ipsum passages, and more recently with desktop publishing software like Aldus PageMaker including versions of Lorem Ipsum."
        }
    ]
}